icc,miss,sz,n,modname,dic1.c.truexmy,dic2.c.truexmy,waic.c.truexmy,dic1.c.xmy.lfixed,dic2.c.xmy.lfixed,waic.c.xmy.lfixed,dic1.c.xmy.mfixed,dic2.c.xmy.mfixed,waic.c.xmy.mfixed,dic1.c.xmy.lrandom,dic2.c.xmy.lrandom,waic.c.xmy.lrandom,dic1.c.xmy.mrandom,dic2.c.xmy.mrandom,waic.c.xmy.mrandom
0.1,0.2,5,25,m.my,23.86997707,23.87634758,23.89468121,23.85816379,23.86686116,23.87401847,23.92577719,23.95690237,23.97731727,24.6241968,24.75633782,24.7824961,23.98256171,23.98895886,23.98294808
0.1,0.2,5,25,c.my,24.44716932,25.0607694,24.42940222,24.45014031,23.86686116,24.45392024,24.48704706,25.12578805,24.50591726,25.05573622,25.72237139,25.21849697,24.99339769,25.66208732,24.79738104
0.1,0.2,5,25,m.xmy,30.28023964,30.261821,30.29775957,30.44830954,30.43738888,30.47442223,30.35007295,30.35357058,30.38805963,30.82627813,30.90670095,30.95293477,30.36575351,30.34251656,30.36677442
0.1,0.2,5,25,c.xmy,212.3127307,212.5858421,212.3556693,212.4189149,212.6467705,212.5763655,212.3804697,212.659912,212.3512349,223.2918422,223.6920844,223.6349614,212.3989508,212.6794793,212.3766661
0.1,0.4,5,25,m.my,24.8180651,24.8896381,24.86794162,24.89093638,24.97532496,24.94549226,24.8756183,24.95578149,24.92094734,25.23702235,25.3878174,25.37072697,25.02299709,25.12017371,25.0705628
0.1,0.4,5,25,c.my,25.70166891,26.35672514,25.62246871,25.74936903,26.41785999,25.68908333,25.79407668,26.47430297,25.71646693,25.81612028,26.52833165,25.9560012,26.50801944,27.1524231,26.19045049
0.1,0.4,5,25,m.xmy,31.31730911,31.30796598,31.35040016,31.55284571,31.54582489,31.61543582,31.44845918,31.43024194,31.48048859,31.76391646,31.81464243,31.8710304,31.49346728,31.48707867,31.50822058
0.1,0.4,5,25,c.xmy,6177.052416,6069.509646,6132.613423,6176.714427,6069.25414,6132.096451,6176.970529,6069.416718,6132.458789,6211.290343,6105.07225,6164.34464,6176.905619,6069.498283,6132.563814
0.1,0.2,15,25,m.my,41.37561703,41.37090548,41.39457621,41.42277888,41.42164369,41.43728682,41.40494039,41.39000014,41.412254,43.47421929,43.71204082,43.74040738,41.44105247,41.46216563,41.48776189
0.1,0.2,15,25,c.my,41.92846417,42.56486473,42.11819876,41.99893104,41.42164369,42.22646956,41.9527788,42.57358562,42.13165882,44.05463396,44.85206883,44.44114439,42.10286301,42.77720488,42.29989746
0.1,0.2,15,25,m.xmy,51.12621729,51.05075375,51.12166088,51.28594193,51.22093163,51.30059448,51.1505945,51.06949211,51.14022246,52.95278868,53.09003653,53.16287978,51.22177157,51.14433008,51.22848072
0.1,0.2,15,25,c.xmy,212.3538338,212.6116063,212.4068992,212.4602978,212.6675625,212.6265275,212.4284368,212.6916394,212.4164492,223.3895406,223.7456848,223.7212552,212.4302627,212.702091,212.4071738
0.1,0.4,15,25,m.my,42.57974799,42.58188301,42.61802061,42.46660984,42.46922625,42.48646229,42.68085424,42.68164409,42.70423565,44.8444587,45.14021813,45.15344535,42.58984875,42.59144915,42.61777109
0.1,0.4,15,25,c.my,43.02343675,43.6278638,43.18045752,43.02649686,43.68582316,43.21521427,43.11657569,43.71971242,43.25411227,45.35448966,46.1441194,45.79810318,43.09996475,43.68880846,43.1768457
0.1,0.4,15,25,m.xmy,51.82280622,51.71020925,51.82413179,51.82019854,51.69706343,51.7938304,51.92205983,51.80887158,51.94420446,53.70621579,53.85867783,53.94505543,51.87775363,51.75424914,51.87566394
0.1,0.4,15,25,c.xmy,212.2816283,212.5112001,212.3251615,212.384573,212.5637951,212.5251786,212.3463913,212.5790482,212.308133,223.368132,223.6849955,223.6775236,212.3455972,212.5848799,212.3057245
0.1,0.2,30,25,m.my,55.58522912,55.59996741,55.58550243,55.62771342,55.64071391,55.6321854,55.6408991,55.65990328,55.62492326,61.27930302,61.85396766,61.87501566,55.57747888,55.61218752,55.58375445
0.1,0.2,30,25,c.my,56.15988712,56.62798983,56.40397669,56.18137564,56.62993691,56.43351119,56.21998429,56.68584423,56.44019987,61.82786868,62.70235,62.56311765,56.22559118,56.727839,56.41661828
0.1,0.2,30,25,m.xmy,69.78029291,69.60622481,69.72504284,69.8555806,69.68448157,69.79155932,69.84251916,69.67417722,69.79284875,74.58939229,74.95394123,75.06292028,69.80459425,69.63899706,69.75366534
0.1,0.2,30,25,c.xmy,212.2286883,212.4592273,212.2723641,212.3322896,212.5122675,212.4729187,212.2937068,212.5273873,212.2557321,223.3168014,223.6368493,223.6280329,212.2926794,212.5329859,212.2533468
0.1,0.4,30,25,m.my,58.79556636,58.77669439,58.85909246,58.59029894,58.57701992,58.65244282,58.84381685,58.82917053,58.90703513,64.65959675,65.25528349,65.24104649,58.82965688,58.82404588,58.89167601
0.1,0.4,30,25,c.my,58.75377478,59.12764643,58.99368352,58.72397649,59.14207831,59.01634944,58.78052912,59.16166423,59.02700234,65.05093355,65.90206135,65.73167507,58.84840599,59.22352254,58.99590974
0.1,0.4,30,25,m.xmy,74.91033393,74.5990351,74.81363254,74.79333143,74.46701118,74.72573485,75.00485154,74.70287414,74.94562244,79.76145679,80.04309494,80.08440947,74.947922,74.63676481,74.84677746
0.1,0.4,30,25,c.xmy,212.1829021,212.4117561,212.2248319,212.2873457,212.4657766,212.4271506,212.2483288,212.4797701,212.2079674,223.2616938,223.5811046,223.5723567,212.2469828,212.4856008,212.2075792
0.1,0.2,5,50,m.my,33.36209831,33.40142799,33.40670253,33.34176138,33.38963378,33.39844769,33.35491403,33.39614242,33.40000856,34.28324327,34.42932688,34.41864227,33.36176162,33.42722159,33.41864541
0.1,0.2,5,50,c.my,34.1785713,35.52784138,34.22387458,34.21426019,33.38963378,34.29831419,34.17959695,35.53027394,34.22580347,34.88892163,36.18682727,35.04881166,34.43721702,35.83141874,34.41630249
0.1,0.2,5,50,m.xmy,41.83690762,41.7982328,41.85307665,42.08956204,42.05101946,42.1092944,41.81781712,41.78210282,41.84086582,42.73079839,42.79615561,42.85123388,41.93154058,41.88829293,41.9528641
0.1,0.2,5,50,c.xmy,212.1598686,212.3885767,212.2052417,212.2616748,212.4392702,212.4010284,212.2255267,212.4561683,212.1879714,223.2084804,223.5218655,223.5152909,212.209644,212.4500749,212.1809112
0.1,0.4,5,50,m.my,35.40980478,35.39615537,35.3732518,35.51548437,35.50869746,35.48072366,35.4345282,35.42029351,35.3829258,36.15287098,36.24197994,36.21276779,35.45197697,35.44334726,35.4083162
0.1,0.4,5,50,c.my,36.5809001,37.66325687,36.28661311,36.74263454,38.25822856,36.49300382,36.65580005,37.74209405,36.34534115,36.7151656,37.83111543,36.79041959,37.13588312,38.21190288,36.61876837
0.1,0.4,5,50,m.xmy,45.16360993,45.0289615,45.10304943,45.38907016,45.2580039,45.35469308,45.19007101,45.06235996,45.13699044,45.72041946,45.679982,45.75819166,45.2344756,45.0996521,45.17356811
0.1,0.4,5,50,c.xmy,8005.43696,7866.443868,7947.921144,8005.129029,7866.179805,7947.349865,8005.335039,7866.341659,7947.762388,8048.973291,7911.691088,7988.190669,8005.312955,7866.467813,7947.894959
0.1,0.2,15,50,m.my,56.0938318,56.09328977,56.08085629,56.21413877,56.21002699,56.17280919,56.13753449,56.14137094,56.12376181,60.06823957,60.30912487,60.27448539,56.12982376,56.13506741,56.11979874
0.1,0.2,15,50,c.my,56.37100326,57.41443718,56.6629306,56.45734616,56.21002699,56.7376178,56.42966148,57.48172031,56.72394646,60.72663583,61.86847086,61.21573823,56.56652255,57.61324071,56.77719963
0.1,0.2,15,50,m.xmy,70.46866048,70.42208641,70.43971976,70.72835291,70.67145797,70.70814017,70.54815135,70.49812476,70.53483034,73.66829756,73.83545451,73.85021124,70.55926653,70.49726446,70.54025287
0.1,0.2,15,50,c.xmy,212.4276463,212.6593414,212.4669791,212.5368557,212.7158428,212.6884914,212.4853734,212.7252644,212.4432754,223.4706409,223.8540645,223.8110725,212.504396,212.7475775,212.478052
0.1,0.4,15,50,m.my,60.3375756,60.24927098,60.26048083,60.41129437,60.34488458,60.36400652,60.34654931,60.25395791,60.25366557,64.15930027,64.37590805,64.31230827,60.371681,60.32354054,60.32030157
0.1,0.4,15,50,c.my,60.70971203,61.7098285,60.96755156,60.82679522,61.83060193,61.15736219,60.72590048,61.72972469,60.97776278,64.88396528,66.02062547,65.30854299,60.93219925,61.85560882,61.05040532
0.1,0.4,15,50,m.xmy,75.63587887,75.31937437,75.4834889,75.83451121,75.525066,75.71166991,75.60667335,75.30062025,75.48724045,78.81335739,78.82116912,78.87337863,75.67391999,75.37270346,75.53464832
0.1,0.4,15,50,c.xmy,212.2816283,212.5112001,212.3251615,212.384573,212.5637951,212.5251786,212.3463913,212.5790482,212.308133,223.368132,223.6849955,223.6775236,212.3455972,212.5848799,212.3057245
0.1,0.2,30,50,m.my,80.50067696,80.55401329,80.47881885,80.26087487,80.31526059,80.21867661,80.53082664,80.59386356,80.53534519,88.11460963,88.59032378,88.51866892,80.46401945,80.55697479,80.46875262
0.1,0.2,30,50,c.my,80.83825266,81.40299874,81.00648264,80.79346103,81.40459431,80.99512458,80.85275022,81.43608012,81.06788774,88.44974089,89.30660661,89.04808451,80.80998805,81.43224079,80.99751828
0.1,0.2,30,50,m.xmy,97.36887481,97.3105136,97.39770002,97.55769546,97.49090667,97.54968528,97.36568503,97.31475707,97.37833148,104.8056553,105.1790785,105.2132522,97.30310549,97.26335141,97.29379153
0.1,0.2,30,50,c.xmy,212.1829021,212.4117561,212.2248319,212.2873457,212.4657766,212.4271506,212.2483288,212.4797701,212.2079674,223.2616938,223.5811046,223.5723567,212.2469828,212.4856008,212.2075792
0.1,0.4,30,50,m.my,84.35759434,84.29475226,84.27867487,84.26709814,84.21255209,84.20693642,84.3429004,84.26459624,84.24726844,91.52241477,91.95931932,91.7851306,84.41863457,84.41208372,84.36061787
0.1,0.4,30,50,c.my,84.79521065,85.40590276,84.98555046,84.83167563,85.45226834,85.05875343,84.77968288,85.37931409,84.9340781,91.96862063,92.84697505,92.45368209,85.04209839,85.66148778,85.0943347
0.1,0.4,30,50,m.xmy,103.1489692,102.6915056,102.9394591,103.2711833,102.82279,103.086411,103.1610905,102.7093567,102.9954914,109.0079439,109.0696745,109.1449401,103.2198362,102.7636555,103.0130117
0.1,0.4,30,50,c.xmy,212.1829021,212.4117561,212.2248319,212.2873457,212.4657766,212.4271506,212.2483288,212.4797701,212.2079674,223.2616938,223.5811046,223.5723567,212.2469828,212.4856008,212.2075792
0.1,0.2,5,200,m.my,65.92299237,66.0293514,65.95305853,65.81918017,65.93362655,65.83808518,65.90162944,66.00363592,65.92712068,68.18386239,68.39091747,68.27550938,65.92982316,66.05950518,65.97383352
0.1,0.2,5,200,c.my,67.14521065,71.17607423,67.35582504,67.18413273,65.93362655,67.4563484,67.15879556,71.20056226,67.3728992,69.33615479,72.86202172,69.60137371,67.42233671,71.44997132,67.54436963
0.1,0.2,5,200,m.xmy,84.70151643,84.72375684,84.69746997,85.09088172,85.13457884,85.11792799,84.7170435,84.74407567,84.73473074,86.4652853,86.57249732,86.51308783,84.70467596,84.72643897,84.72134507
0.1,0.2,5,200,c.xmy,213.2519805,213.5825218,213.3634174,213.3772819,213.6048651,213.5368244,213.2856863,213.6030257,213.267632,224.1452765,224.5061092,224.4975217,213.3236658,213.6521112,213.2945836
0.1,0.4,5,200,m.my,67.03120317,67.01562504,67.06947392,67.1726336,67.15935101,67.19986335,66.99636649,66.99563276,67.03624401,68.81551239,68.88840815,68.85280368,66.93522636,66.97114067,67.02823333
0.1,0.4,5,200,c.my,69.19691798,73.2666259,69.15032743,69.46220538,80.02640883,69.48661733,69.23001983,73.25557255,69.15554079,70.48651785,74.36550934,70.72383622,69.22226116,73.47811213,69.22875039
0.1,0.4,5,200,m.xmy,88.02102799,87.37678503,87.78609494,88.4699254,87.83138477,88.23449482,88.02007207,87.38585952,87.79257375,89.57032204,89.03013507,89.35994884,88.05409134,87.40877042,87.83815377
0.1,0.4,5,200,c.xmy,8596.737554,8447.451266,8534.951366,8596.361063,8447.123659,8534.314094,8596.608132,8447.302685,8534.738372,8643.660498,8496.252382,8578.358558,8596.60399,8447.483216,8534.918983
0.1,0.2,15,200,m.my,115.0007839,115.1270684,115.0614546,114.6918369,114.821456,114.7982555,115.0799172,115.1786262,115.1572191,123.7488743,124.0204733,123.9053207,115.0585147,115.2311302,115.1502448
0.1,0.2,15,200,c.my,115.8726573,118.3923835,116.6440828,115.873809,169.5574619,116.8127503,115.9736019,118.4827328,116.7739015,125.1419628,127.4191093,125.9618273,116.0726609,118.7372694,116.8745435
0.1,0.2,15,200,m.xmy,141.1396674,140.9240301,141.0623161,141.4391292,141.2273417,141.3976616,141.1091266,140.9034716,141.0256686,147.9478209,147.9076289,147.9919219,141.2269056,141.0335029,141.1617364
0.1,0.2,15,200,c.xmy,212.1298542,212.3514516,212.1484175,212.2478899,212.4130354,212.3767297,212.2137244,212.4394062,212.158864,222.9761514,223.2975249,223.2735142,212.1810436,212.4195534,212.1278382
0.1,0.4,15,200,m.my,119.2899029,119.297037,119.3062656,118.9841169,118.996303,118.9732357,119.4976035,119.4737472,119.5105582,126.0757868,126.3638979,126.1912601,119.3630955,119.4374176,119.3996453
0.1,0.4,15,200,c.my,120.5602254,123.0150201,121.1640065,120.6178418,123.1633593,121.3186404,120.7757722,123.1886106,121.3597866,127.5110474,129.7838264,128.2076245,120.9622915,123.400197,121.3769698
0.1,0.4,15,200,m.xmy,151.0177583,150.384153,150.7818614,151.0653421,150.4494138,150.7979292,151.1957243,150.5379606,150.9722599,156.5517486,156.2814227,156.4286526,151.1766013,150.5728951,150.9432708
0.1,0.4,15,200,c.xmy,213.4055039,213.6042084,213.4657347,213.4859983,213.6385692,213.6273041,213.4654941,213.6788595,213.4747889,224.4987319,224.7805912,224.7744482,213.5123811,213.7201966,213.491866
0.1,0.2,30,200,m.my,158.1099172,158.1491254,158.0862572,158.3338804,158.3781179,158.3208515,158.0536898,158.0909624,157.9699528,174.2815208,174.5561386,174.4653912,158.1762439,158.2188189,158.1858117
0.1,0.2,30,200,c.my,159.0878488,160.4610969,159.7294137,159.2892579,160.5541881,159.9571018,159.019471,160.3920317,159.6155405,175.2509984,176.453368,175.9303991,159.333984,160.725777,159.937684
0.1,0.2,30,200,m.xmy,198.3414516,198.1238379,198.2292246,198.7698307,198.5277775,198.7459434,198.2728494,198.0438248,198.1564571,211.0499378,211.0945238,211.1305535,198.3670382,198.1350281,198.2081601
0.1,0.2,30,200,c.xmy,212.7655036,212.9006217,212.7868918,212.8605432,212.9552582,212.9932997,212.8530355,212.9881619,212.7944377,224.0907369,224.3759038,224.3855205,212.844355,212.9938564,212.7784728
0.1,0.4,30,200,m.my,166.9603373,166.6234832,166.8221489,166.6441671,166.3191672,166.5230559,166.9518208,166.644202,166.8254971,181.9345218,182.0733685,182.0747624,166.8562539,166.6082107,166.7567748
0.1,0.4,30,200,c.my,167.2567736,168.1121661,167.5675481,167.2497373,168.145468,167.6493871,167.2571551,168.1426431,167.5608385,182.6510504,183.6461495,183.2500259,167.5109325,168.3016025,167.6282732
0.1,0.4,30,200,m.xmy,210.5846346,209.3808469,210.0502983,210.6541669,209.4874701,210.2192664,210.6693637,209.4795366,210.1406764,222.1432849,221.395597,221.9013585,210.5185841,209.3286377,209.9715148
0.1,0.4,30,200,c.xmy,212.0836811,212.4124869,212.1996719,212.1709071,212.4542303,212.3992487,212.1562461,212.4927684,212.195992,223.5872159,224.0229384,223.9334322,212.1727956,212.5156902,212.1980554
0.5,0.2,5,25,m.my,23.39948972,23.4514424,23.43410868,23.35998767,23.41205286,23.38872349,23.46366829,23.51612996,23.48945644,23.63743493,23.73819626,23.71965435,23.42938538,23.5025152,23.46804198
0.5,0.2,5,25,c.my,25.44280789,26.24176731,25.85217763,25.45837347,26.25082969,25.8632653,25.50024094,26.29218809,25.9012393,25.47996537,26.29172511,26.04579138,25.75735139,26.53722894,25.95650979
0.5,0.2,5,25,m.xmy,29.6521015,29.67370138,29.70710959,29.71171971,29.74138691,29.77540452,29.66916799,29.69056309,29.718774,29.89178271,29.96496687,29.99526297,29.66536935,29.69158982,29.71448701
0.5,0.2,5,25,c.xmy,212.3287466,212.555011,212.3706366,212.4306263,212.6080119,212.5716815,212.3936605,212.6235886,212.3560468,223.419226,223.7330855,223.7270772,212.3928636,212.6295849,212.352243
0.5,0.4,5,25,m.my,25.10026406,25.15306751,25.1529101,25.11477046,25.17247982,25.16755476,25.14684906,25.20108999,25.19072485,25.3618991,25.45762595,25.46152012,25.22704605,25.30812339,25.28464629
0.5,0.4,5,25,c.my,28.08147931,28.96069917,28.49234836,28.12041464,28.99252626,28.5215333,28.13624908,29.02327254,28.53427709,27.95371627,28.91843137,28.60025752,28.86111914,29.603211,28.86102476
0.5,0.4,5,25,m.xmy,31.64839937,31.55274214,31.63566967,31.70447745,31.61028987,31.70186276,31.7355136,31.62544309,31.70563168,31.85025584,31.82643812,31.90924956,31.82951791,31.75533346,31.80918428
0.5,0.4,5,25,c.xmy,212.3287466,212.555011,212.3706366,212.4306263,212.6080119,212.5716815,212.3936605,212.6235886,212.3560468,223.419226,223.7330855,223.7270772,212.3928636,212.6295849,212.352243
0.5,0.2,15,25,m.my,41.15758426,41.16127603,41.15461939,41.09087003,41.0941254,41.0895298,41.13284802,41.13198619,41.12185979,42.26729585,42.41282855,42.39671973,41.15066478,41.19549285,41.17888852
0.5,0.2,15,25,c.my,42.13697558,42.38328467,42.2613829,42.13031855,42.3851439,42.26339545,42.11544366,42.37071834,42.23602787,43.26593704,43.54207799,43.51298208,42.23870488,42.57588344,42.34247607
0.5,0.2,15,25,m.xmy,51.08579472,50.99423555,51.08301291,51.11148406,51.01420953,51.0884303,51.07506122,50.9885253,51.05688691,51.90860511,51.96340701,52.01243584,51.12762667,51.02960128,51.08902809
0.5,0.2,15,25,c.xmy,212.4303143,212.6469079,212.4670759,212.5314707,212.7002305,212.6687385,212.4967122,212.7154244,212.4510455,223.5114484,223.8283282,223.8256484,212.5011316,212.7268128,212.4586114
0.5,0.4,15,25,m.my,41.92545343,41.96995644,41.97781448,41.80956252,41.86067001,41.85462578,41.94239965,41.97341787,41.96976089,42.82823182,43.05602457,42.98238636,41.99750223,42.11116951,42.06791895
0.5,0.4,15,25,c.my,43.13303625,43.43156101,43.30843293,43.11023488,43.43207783,43.28272883,43.13620969,43.42270233,43.30593793,44.04746353,44.41037435,44.33401184,43.47734394,43.89205765,43.55586456
0.5,0.4,15,25,m.xmy,52.84002941,52.74963298,52.83981578,52.82136517,52.73635175,52.79477166,52.87224706,52.77845345,52.86943497,53.59327102,53.69006122,53.70597747,52.93069799,52.85527586,52.92915738
0.5,0.4,15,25,c.xmy,212.2830966,212.5066554,212.3220742,212.38677,212.5639144,212.5269796,212.3505726,212.5778653,212.3093134,223.373879,223.6893618,223.6841085,212.3541545,212.5868639,212.3096158
0.5,0.2,30,25,m.my,56.38480425,56.41968026,56.4138707,56.47485717,56.50142825,56.5015646,56.42005434,56.46264867,56.44740413,58.6690525,58.95409133,58.93146862,56.35822872,56.40638902,56.40159874
0.5,0.2,30,25,c.my,57.09192837,57.25361461,57.16759803,57.11260063,57.25941602,57.20300295,57.1266263,57.29993147,57.21292626,59.3588393,59.66863373,59.66231214,57.17500127,57.38722326,57.23724057
0.5,0.2,30,25,m.xmy,68.5933468,68.47476802,68.55861955,68.72720598,68.59260091,68.64237369,68.61833946,68.49441908,68.56890714,70.532293,70.65871016,70.66241721,68.61380068,68.49968107,68.54602961
0.5,0.2,30,25,c.xmy,212.004288,212.2770418,212.1068789,212.1055773,212.3535654,212.2980462,212.0480949,212.3266573,212.0773362,223.4441653,223.8063507,223.7840328,212.0724909,212.3567326,212.0404242
0.5,0.4,30,25,m.my,59.13911243,59.02535601,59.10594888,59.07976354,58.96612533,59.05210164,59.23450311,59.12747464,59.18013814,61.21854977,61.43733147,61.36590139,59.12583762,59.02351289,59.11320797
0.5,0.4,30,25,c.my,59.91603268,59.9198129,59.931526,59.93526364,59.94094751,59.96176679,60.0323223,60.0594045,60.02840377,62.225081,62.44370003,62.37603606,60.01693554,60.08415955,59.99237107
0.5,0.4,30,25,m.xmy,74.09327132,73.58522141,73.9291535,74.11589427,73.59110931,73.93346637,74.23425525,73.72241968,74.05470052,75.83595346,75.64800439,75.83872565,74.12608452,73.61989942,73.95499479
0.5,0.4,30,25,c.xmy,210.7147751,210.9093832,210.6947017,210.8040592,210.9776912,210.9273485,210.8247978,211.0233744,210.7703176,222.0175192,222.2639835,222.2818364,210.8020909,210.9687472,210.7199596
0.5,0.2,5,50,m.my,33.09649385,33.11300923,33.10584911,33.15248848,33.15646412,33.14678009,33.04749228,33.0659847,33.05794463,33.35930826,33.43323985,33.42157568,33.13422958,33.15493251,33.14264209
0.5,0.2,5,50,c.my,36.14247837,37.36184403,36.8310315,36.18523881,37.38566789,36.87568787,36.10486114,37.33332647,36.79317763,36.34557599,37.59320247,37.20901923,36.55453591,37.84323705,37.08966549
0.5,0.2,5,50,m.xmy,42.03366779,41.99863689,42.05531645,42.21419157,42.17483848,42.22401782,41.94180062,41.91046952,41.96548596,42.28815086,42.3240494,42.36759632,42.036118,42.00452747,42.05618423
0.5,0.2,5,50,c.xmy,212.3287466,212.555011,212.3706366,212.4306263,212.6080119,212.5716815,212.3936605,212.6235886,212.3560468,223.419226,223.7330855,223.7270772,212.3928636,212.6295849,212.352243
0.5,0.4,5,50,m.my,33.86738065,33.965942,33.91922459,33.78549745,33.87059887,33.8088826,33.86995832,33.98346715,33.91538411,34.28828235,34.44575936,34.38180875,33.80281396,33.9012748,33.84542674
0.5,0.4,5,50,c.my,37.508548,38.78692029,38.10884602,37.5252636,38.78810523,38.11153746,37.55157348,38.85049507,38.14114083,37.47799914,38.87066957,38.39549878,37.9226918,39.08699262,38.2402384
0.5,0.4,5,50,m.xmy,43.18270752,43.10044717,43.1487548,43.25335009,43.163745,43.19158115,43.16037091,43.10195687,43.16077262,43.52620975,43.53098533,43.54801524,43.19701117,43.10636572,43.16943932
0.5,0.4,5,50,c.xmy,212.3287466,212.555011,212.3706366,212.4306263,212.6080119,212.5716815,212.3936605,212.6235886,212.3560468,223.419226,223.7330855,223.7270772,212.3928636,212.6295849,212.352243
0.5,0.2,15,50,m.my,58.19694432,58.15497502,58.16164153,58.07255433,58.03301528,58.02926456,58.26701326,58.23534419,58.23855798,59.82810874,59.92016092,59.90113969,58.25575404,58.21541199,58.18869452
0.5,0.2,15,50,c.my,59.51890791,59.89444166,59.61306252,59.5297469,59.90130884,59.63290112,59.58691846,59.96237617,59.69136107,61.07810567,61.33219748,61.29709009,59.72777749,60.16800835,59.72018463
0.5,0.2,15,50,m.xmy,72.50498669,72.3851066,72.47807226,72.4583781,72.35485025,72.44190352,72.54273385,72.43945157,72.52687201,73.57131347,73.59808413,73.63421202,72.5330568,72.4248882,72.51692848
0.5,0.2,15,50,c.xmy,212.0809537,212.3152921,212.1182196,212.1873275,212.371901,212.3252758,212.1503907,212.3866207,212.1111042,223.0845953,223.4095615,223.3966658,212.1534515,212.3973386,212.1092338
0.5,0.4,15,50,m.my,59.06255636,58.933232,58.97307061,58.86898821,58.74750496,58.74415991,59.06044965,58.92965469,58.95475582,60.50385694,60.57805065,60.52187727,59.01618106,58.90077817,58.92393528
0.5,0.4,15,50,c.my,60.94251172,61.26356914,61.10229973,60.91452415,61.24025082,61.02980569,60.95904338,61.27825868,61.08373662,62.41879128,62.70460781,62.62713682,61.00775587,61.33690335,61.05515347
0.5,0.4,15,50,m.xmy,74.17915056,73.68771131,73.9955806,74.02804104,73.5552953,73.79472426,74.18683992,73.70141982,73.99291786,75.31287645,75.04878429,75.19404072,74.07285407,73.57766415,73.85244977
0.5,0.4,15,50,c.xmy,212.1829021,212.4117561,212.2248319,212.2873457,212.4657766,212.4271506,212.2483288,212.4797701,212.2079674,223.2616938,223.5811046,223.5723567,212.2469828,212.4856008,212.2075792
0.5,0.2,30,50,m.my,79.96775653,80.1086351,79.99150904,79.95036564,80.09578387,79.99921625,80.00067069,80.14589589,80.02155538,82.71785529,83.08835559,82.956963,80.04510817,80.20411762,80.07192161
0.5,0.2,30,50,c.my,81.05389235,81.45862478,81.13459311,81.0910879,81.48588638,81.19330986,81.13961959,81.53971829,81.2224661,83.56091746,83.97384279,83.84422078,81.13071003,81.59415239,81.17828249
0.5,0.2,30,50,m.xmy,98.29763805,98.20552034,98.22677369,98.30194354,98.20598686,98.21576753,98.3470591,98.2423355,98.2560216,101.0006164,101.1731042,101.1010679,98.38520796,98.29145257,98.30978342
0.5,0.2,30,50,c.xmy,211.9377861,212.2768046,212.0450167,212.0236543,212.3129187,212.233796,211.99512,212.3437038,212.0439476,223.2686864,223.696095,223.6366814,212.0386449,212.3807348,212.0736004
0.5,0.4,30,50,m.my,82.18835455,82.06637665,82.05939064,82.24214941,82.11025737,82.13848741,82.20571446,82.08642012,82.07360811,85.64393838,85.82590492,85.6981354,82.16360793,82.05962183,82.0765289
0.5,0.4,30,50,c.my,83.67715479,83.80071085,83.64742079,83.72790054,83.84246329,83.69717139,83.67202177,83.80068481,83.63391184,87.02562734,87.21713037,87.11615844,83.72862836,83.87079567,83.70568227
0.5,0.4,30,50,m.xmy,103.7063511,102.9575508,103.3198138,103.8146892,103.0472067,103.4603151,103.6781784,102.9205245,103.2836647,106.3405785,105.9365182,106.0925571,103.7385905,102.9789775,103.2952306
0.5,0.4,30,50,c.xmy,211.926628,212.1409359,211.9665745,212.025649,212.1860644,212.1730294,211.9885,212.2064572,211.9597029,223.0661265,223.3622518,223.3454575,211.9874378,212.2132474,211.9700964
0.5,0.2,5,200,m.my,65.79227908,65.76179607,65.75208073,65.69457098,65.66894649,65.63819114,65.76905095,65.74020749,65.7134351,66.57189274,66.58418979,66.54373875,65.74346878,65.74705156,65.72145872
0.5,0.2,5,200,c.my,71.3262175,73.94517527,72.78683047,71.39132974,74.00882021,72.85181649,71.36432369,74.02912651,72.84284079,71.79441284,74.08108576,73.36504537,71.81714142,74.53687205,73.16741814
0.5,0.2,5,200,m.xmy,84.97570301,84.83127463,84.92210718,84.88193643,84.75396636,84.82763126,84.9359698,84.80255976,84.89185899,85.58680785,85.49976108,85.56559421,84.93926721,84.79999139,84.87080297
0.5,0.2,5,200,c.xmy,212.3897891,212.5504322,212.3610187,212.504139,212.6310118,212.588846,212.4733301,212.6352252,212.3651594,223.2973035,223.5401005,223.5808836,212.4701926,212.6506846,212.3590356
0.5,0.4,5,200,m.my,67.55437079,67.54012704,67.52407737,67.18323743,67.18953294,67.15541787,67.58687027,67.5588155,67.556428,68.52176786,68.6150912,68.49975892,67.45108888,67.5241657,67.44819872
0.5,0.4,5,200,c.my,73.902921,76.34277442,75.25159927,73.88849762,76.37660882,75.29066671,73.91370103,76.35051819,75.23847608,74.73879559,77.23974371,76.32990498,74.82107174,77.19263464,75.75883621
0.5,0.4,5,200,m.xmy,87.46015924,86.93291035,87.24119362,87.31964617,86.79278895,87.10115937,87.46460646,86.92802122,87.25163769,87.90100308,87.49217097,87.6940577,87.43584101,86.90682316,87.18112455
0.5,0.4,5,200,c.xmy,211.6447172,211.88361,211.6788602,211.7403348,211.9276477,211.8600091,211.7089626,211.9477148,211.6670967,222.131629,222.4788021,222.4610473,211.6113435,211.8490987,211.5778771
0.5,0.2,15,200,m.my,113.7206249,113.7846928,113.7059529,113.8637335,113.9387114,113.842351,113.6873683,113.7585156,113.6701765,117.6102253,117.8248954,117.6586412,113.8408753,113.9145802,113.8513662
0.5,0.2,15,200,c.my,116.9555553,117.768123,117.4378435,117.0077954,117.8066042,117.4838786,116.9362142,117.7398692,117.4212202,121.3427306,122.0549485,121.8485329,117.2673328,118.0960477,117.7159883
0.5,0.2,15,200,m.xmy,145.1688962,144.9664323,145.0509494,145.3694408,145.1758055,145.2821978,145.1228382,144.926348,145.0574017,147.5796263,147.5389487,147.577498,145.231995,145.041717,145.1693553
0.5,0.2,15,200,c.xmy,212.1070768,212.4168021,212.1607925,212.201667,212.4602786,212.3298469,212.1806574,212.497313,212.1569768,223.0855912,223.4542068,223.4016252,212.1623908,212.4914284,212.1864085
0.5,0.4,15,200,m.my,119.2337284,119.0068084,119.1111021,119.0738367,118.8851465,118.9139562,119.291439,119.0667071,119.1304159,122.7582605,122.82894,122.651785,119.1595443,118.9649223,119.0494382
0.5,0.4,15,200,c.my,122.7635677,123.3843649,123.25747,122.7482189,123.3715169,123.1790208,122.8418994,123.4610238,123.3325353,126.7017147,127.2012305,127.0397437,122.7918366,123.4344371,123.2615886
0.5,0.4,15,200,m.xmy,150.9489623,149.8792328,150.4480823,151.0752331,150.008463,150.5903155,150.988409,149.9112733,150.4432982,153.8404332,153.1675048,153.4206309,150.9665833,149.8676821,150.385847
0.5,0.4,15,200,c.xmy,212.0098201,212.2566399,212.0392331,212.139386,212.3215958,212.2477797,212.0241933,212.2759032,211.9211184,222.8626671,223.219224,223.1779749,212.0464403,212.309556,211.9938413
0.5,0.2,30,200,m.my,158.236299,158.2660202,158.2841717,158.4739335,158.4950311,158.4864979,158.1873284,158.217185,158.2112879,165.3263439,165.5702662,165.4433572,158.2195665,158.2502457,158.2228772
0.5,0.2,30,200,c.my,159.5035995,160.0089736,159.7203374,159.5343622,160.0212799,159.7005213,159.4341772,159.9482568,159.6224425,166.3915242,166.7155393,166.6048716,159.7225791,160.2288858,159.7898783
0.5,0.2,30,200,m.xmy,200.137879,199.6715046,199.9226888,200.3969248,199.9403185,200.1934772,200.1498981,199.6736982,199.9611622,205.9592189,205.8295086,205.8596674,200.1183931,199.6473553,199.8973546
0.5,0.2,30,200,c.xmy,212.5338218,212.7506919,212.53449,212.6572172,212.8241572,212.77786,212.6054561,212.829824,212.5204443,223.1385685,223.4008936,223.4246762,212.5965142,212.8125831,212.5001967
0.5,0.4,30,200,m.my,165.3832831,164.6264818,165.0361306,165.6367938,164.8708817,165.1950157,165.507775,164.7057798,164.9990256,172.6380161,172.3315714,172.3334526,165.3604527,164.6154193,165.0392145
0.5,0.4,30,200,c.my,168.0333442,167.8483016,167.7609566,168.0301818,167.7783122,167.6685277,168.1731414,167.920375,167.7163211,175.397485,175.3055739,175.3157559,168.4061858,168.1020422,168.0059797
0.5,0.4,30,200,m.xmy,212.5968018,209.9293716,211.3559413,212.8734619,210.2006565,211.5690339,212.7932905,210.1117904,211.5275911,217.5654275,215.5266537,216.5906723,212.4069489,209.7665775,211.1417771
0.5,0.4,30,200,c.xmy,211.0623522,211.3562884,211.1015779,211.1969486,211.4061018,211.3285445,211.1283605,211.4294584,211.0663395,221.674387,221.9865307,221.9849204,211.1329531,211.4382753,211.045678
0.1,0,5,25,m.my,23.14975983,23.15913041,23.18048515,23.13475189,23.140167,23.15938226,23.22905635,23.2553512,23.28439771,23.87152222,24.00531565,24.05641535,23.21138798,23.21517516,23.23095212
0.1,0,5,25,c.my,23.61115924,24.21895969,23.62592694,23.63881988,24.30439737,23.6792854,23.68949131,24.307303,23.73129874,24.25456515,24.93533109,24.44621027,23.93810315,24.64301413,23.89433684
0.1,0,5,25,m.xmy,29.12309076,29.14052713,29.17051687,29.27547984,29.30016791,29.32963404,29.18083175,29.21631876,29.25131055,29.66805558,29.78734647,29.84335029,29.13401842,29.14695329,29.16766664
0.1,0,5,25,c.xmy,193.5596766,194.0371538,193.8440834,193.577364,194.0479758,193.8453382,193.5677833,194.0464935,193.8643343,199.157358,199.4110811,199.389632,193.6623024,194.2424988,193.8878667
0.1,0,15,25,m.my,40.2072977,40.21404242,40.22888943,40.23916875,40.2430243,40.25700437,40.23217804,40.22843509,40.24555347,42.34005577,42.59065749,42.64323065,40.27901292,40.28229654,40.29683422
0.1,0,15,25,c.my,40.60216918,41.17065856,40.80784948,40.64845483,41.23168096,40.87773705,40.62515702,41.18297207,40.83551505,42.84409481,43.6413353,43.2947546,40.75123769,41.3223078,40.92861173
0.1,0,15,25,m.xmy,49.46858742,49.46812415,49.48363739,49.62996863,49.63053581,49.64527649,49.49079496,49.48735474,49.50436321,51.32468608,51.52166499,51.56385922,49.53465912,49.53199465,49.54196908
0.1,0,15,25,c.xmy,193.5596766,194.0371538,193.8440834,193.577364,194.0479758,193.8453382,193.5677833,194.0464935,193.8643343,199.157358,199.4110811,199.389632,193.6623024,194.2424988,193.8878667
0.1,0,30,25,m.my,54.02164595,54.02624536,54.03213794,54.05648919,54.06176938,54.06856913,54.07977897,54.08630076,54.0929049,60.01308216,60.56235081,60.64982673,54.03724511,54.04776772,54.05294996
0.1,0,30,25,c.my,54.42636215,54.81137768,54.65503151,54.45557412,54.82291951,54.67444111,54.48947061,54.87046847,54.70891796,60.50631988,61.34937004,61.28361667,54.48693684,54.90803815,54.68495883
0.1,0,30,25,m.xmy,67.06007632,67.06089196,67.07745227,67.16739267,67.1659108,67.17809925,67.10674341,67.11041738,67.12921136,72.14626683,72.62154354,72.70721131,67.0884043,67.0970414,67.11134534
0.1,0,30,25,c.xmy,193.5083893,193.9866872,193.7914184,193.5264039,193.9979406,193.7946476,193.5176884,193.9971553,193.8133458,199.0937242,199.3472093,199.3262671,193.6115317,194.1934043,193.8358076
0.1,0,5,50,m.my,32.46783193,32.49325401,32.50818016,32.43894333,32.46763842,32.48446577,32.48175689,32.50503481,32.52137691,33.36876843,33.48419796,33.51228163,32.49961293,32.5262037,32.53967915
0.1,0,5,50,c.my,33.09670369,34.43106943,33.23026572,33.0811187,34.50932026,33.23135094,33.11678947,34.46036656,33.25763558,33.86638791,35.13404427,34.06145845,33.27437431,34.68181707,33.39104197
0.1,0,5,50,m.xmy,40.3198071,40.34950288,40.37284685,40.53028642,40.55455383,40.57517102,40.33617485,40.3670189,40.39106426,41.21711047,41.3335844,41.36580094,40.36258844,40.39312244,40.41648893
0.1,0,5,50,c.xmy,193.5596766,194.0371538,193.8440834,193.577364,194.0479758,193.8453382,193.5677833,194.0464935,193.8643343,199.157358,199.4110811,199.389632,193.6623024,194.2424988,193.8878667
0.1,0,15,50,m.my,54.39774547,54.39311011,54.39400032,54.55180398,54.55178329,54.55398453,54.45168103,54.45235676,54.45265803,58.62702066,58.86485604,58.89309846,54.40482223,54.39147134,54.39044231
0.1,0,15,50,c.my,54.53655773,55.52230454,54.8569394,54.64694315,55.59513074,54.99630921,54.60723316,55.5989098,54.92845284,59.25516005,60.40801745,59.81868922,54.60849472,55.56442354,54.87850146
0.1,0,15,50,m.xmy,68.14873374,68.14335469,68.14581642,68.41705381,68.41565289,68.41725051,68.24382871,68.23684963,68.23551864,71.65366388,71.84197737,71.86259721,68.19875552,68.18679797,68.19073668
0.1,0,15,50,c.xmy,193.5596766,194.0371538,193.8440834,193.577364,194.0479758,193.8453382,193.5677833,194.0464935,193.8643343,199.157358,199.4110811,199.389632,193.6623024,194.2424988,193.8878667
0.1,0,30,50,m.my,77.64596666,77.67205587,77.68285262,77.42464071,77.44520992,77.45239994,77.66200781,77.68964157,77.70004335,85.34548885,85.75954373,85.79794155,77.66512446,77.68900113,77.6992803
0.1,0,30,50,c.my,77.91590783,78.41424845,78.1814701,77.88086973,78.40803102,78.16908237,77.93572884,78.4333974,78.19340817,85.68587292,86.477178,86.33229807,77.96962431,78.48441078,78.22626207
0.1,0,30,50,m.xmy,94.46139494,94.48016312,94.49032253,94.6308364,94.64935021,94.65943446,94.48411563,94.50440668,94.51411626,102.0528361,102.4443228,102.4846189,94.46047266,94.48120206,94.4900456
0.1,0,30,50,c.xmy,193.5596766,194.0371538,193.8440834,193.577364,194.0479758,193.8453382,193.5677833,194.0464935,193.8643343,199.157358,199.4110811,199.389632,193.6623024,194.2424988,193.8878667
0.1,0,5,200,m.my,63.58618217,63.58829602,63.58835351,63.39523797,63.39444268,63.39517539,63.57796646,63.57794699,63.57865179,65.8172101,65.88297353,65.88706912,63.58855947,63.59410866,63.59566887
0.1,0,5,200,c.my,64.25611935,67.92367929,64.51445051,64.24870868,68.26794299,64.60490445,64.26969069,67.94654851,64.54101071,66.58197283,69.7122751,66.81034676,64.37111846,68.12264309,64.65279678
0.1,0,5,200,m.xmy,82.00966804,81.99858458,81.99839217,82.40121571,82.38721627,82.38801809,82.01183218,81.99790874,81.99669484,83.65242541,83.68748781,83.68868356,81.99067395,81.98053929,81.98254093
0.1,0,5,200,c.xmy,193.614986,194.062846,193.8901968,193.6325137,194.0756257,193.8922549,193.6262465,194.076719,193.9091523,199.5604753,199.8085581,199.795859,193.6937821,194.2391076,193.910349
0.1,0,15,200,m.my,111.1664236,111.1640682,111.1634743,111.032073,111.0293603,111.0282244,111.1718956,111.1682046,111.1669414,120.3349914,120.4740919,120.4785207,111.2124847,111.20682,111.2062841
0.1,0,15,200,c.my,111.7006897,113.8909386,112.4098713,111.7617361,113.9765234,112.5608103,111.6925213,113.8885331,112.4013797,121.677297,123.8417228,122.5304251,111.7950808,114.067928,112.5102068
0.1,0,15,200,m.xmy,137.7019333,137.6782722,137.6747671,138.1477546,138.1229788,138.1191628,137.6828686,137.658486,137.6545575,145.2769871,145.3766331,145.3781319,137.7213291,137.6973021,137.6942112
0.1,0,15,200,c.xmy,194.3664396,194.803886,194.6420732,194.3848692,194.8141061,194.6400534,194.3776349,194.8151939,194.6607117,200.1521895,200.4017101,200.3776341,194.4663508,195.0139478,194.6794922
0.1,0,30,200,m.my,153.9467401,153.949873,153.9499394,154.0327821,154.0368632,154.036335,153.9212525,153.9252988,153.924845,170.6354148,170.8513854,170.855547,153.9607085,153.9545196,153.9530161
0.1,0,30,200,c.my,154.6258276,155.7493284,155.2301898,154.729118,155.7831538,155.3523461,154.5863994,155.7112248,155.1898609,171.6107589,172.7430675,172.3468828,154.6660036,155.8448819,155.2624271
0.1,0,30,200,m.xmy,189.3910478,189.3903117,189.3887305,189.6630518,189.6640275,189.663168,189.3666444,189.3665774,189.3656577,202.6876535,202.8639653,202.8664561,189.3728897,189.3671266,189.3642715
0.1,0,30,200,c.xmy,194.22198,194.6390005,194.4804856,194.2413053,194.6511315,194.4809099,194.2237089,194.641684,194.4927049,200.1789096,200.4283331,200.4062868,194.3276871,194.8481376,194.5211743
0.5,0,5,25,m.my,22.72144824,22.7337478,22.74543745,22.69415954,22.70629226,22.71860437,22.75963395,22.76558078,22.77946724,23.01548994,23.07738812,23.09945162,22.76646137,22.76837922,22.78044327
0.5,0,5,25,c.my,24.40366038,25.13571667,24.81580614,24.39641652,25.13520648,24.81620859,24.44334906,25.16855505,24.85149216,24.58297479,25.31003139,25.13301891,24.62266911,25.36805599,24.90358122
0.5,0,5,25,m.xmy,28.68478005,28.70449781,28.7235683,28.75455082,28.77637587,28.79445087,28.6918406,28.70986483,28.73184241,28.90194117,28.96325986,28.98572171,28.73507532,28.74665995,28.76692927
0.5,0,5,25,c.xmy,193.5596766,194.0371538,193.8440834,193.577364,194.0479758,193.8453382,193.5677833,194.0464935,193.8643343,199.157358,199.4110811,199.389632,193.6623024,194.2424988,193.8878667
0.5,0,15,25,m.my,40.32903535,40.32733086,40.33067377,40.25898967,40.25415346,40.25726683,40.29312208,40.28368874,40.28548091,41.42014177,41.5441605,41.56195605,40.38664543,40.39019406,40.39500594
0.5,0,15,25,c.my,41.21315574,41.40862692,41.3492385,41.21111386,41.40793159,41.35624487,41.18444709,41.37575454,41.31885298,42.38882867,42.64186992,42.63810307,41.30735669,41.55401527,41.43219122
0.5,0,15,25,m.xmy,49.84927467,49.8495154,49.85692911,49.89548777,49.89254276,49.9019063,49.83843995,49.83138846,49.84008769,50.76864944,50.87599187,50.89786173,49.89003933,49.88442565,49.89478667
0.5,0,15,25,c.xmy,193.5596766,194.0371538,193.8440834,193.577364,194.0479758,193.8453382,193.5677833,194.0464935,193.8643343,199.157358,199.4110811,199.389632,193.6623024,194.2424988,193.8878667
0.5,0,30,25,m.my,55.17893464,55.19137764,55.19200561,55.27748924,55.28829037,55.29197787,55.20986226,55.22762183,55.22898041,57.59388467,57.83594522,57.86100693,55.17433359,55.19164161,55.18778625
0.5,0,30,25,c.my,55.71807743,55.83937139,55.80277532,55.72059025,55.83739591,55.81035145,55.7412409,55.86825635,55.82977655,58.12909518,58.4067839,58.43170439,55.75803623,55.93857923,55.84915718
0.5,0,30,25,m.xmy,66.73337332,66.7266497,66.7209504,66.84721647,66.8396296,66.83593415,66.76742049,66.76342502,66.7577438,68.72603984,68.92505565,68.94310225,66.74490691,66.73795193,66.72867667
0.5,0,30,25,c.xmy,193.1181548,193.5630684,193.3827488,193.1376549,193.5751508,193.3885694,193.137263,193.5830065,193.4161004,198.8066255,199.0636335,199.0425285,193.2235186,193.7623355,193.4335342
0.5,0,5,50,m.my,32.2986559,32.3188635,32.33176431,32.35274236,32.36506503,32.37275363,32.25102782,32.27631886,32.29012022,32.67888769,32.74871107,32.76420558,32.28833157,32.30469383,32.31373376
0.5,0,5,50,c.my,35.02728651,36.20503863,35.75932199,35.06222182,36.21382587,35.77197927,34.99888802,36.18358018,35.72785199,35.38595716,36.53721341,36.22089502,35.16779401,36.45634258,35.82187522
0.5,0,5,50,m.xmy,40.7792139,40.80671599,40.82246218,41.00997056,41.03597961,41.0496513,40.73463625,40.76747332,40.78488121,41.14748209,41.22367954,41.24422197,40.76606103,40.79046413,40.80651259
0.5,0,5,50,c.xmy,193.5596766,194.0371538,193.8440834,193.577364,194.0479758,193.8453382,193.5677833,194.0464935,193.8643343,199.157358,199.4110811,199.389632,193.6623024,194.2424988,193.8878667
0.5,0,15,50,m.my,56.06748768,56.05897835,56.06291618,55.94747066,55.94147738,55.94685176,56.12886064,56.129899,56.13477943,57.69490327,57.7914952,57.80380916,56.12682159,56.11692533,56.12226108
0.5,0,15,50,c.my,57.20482623,57.54491409,57.35652363,57.20121961,57.54522502,57.35864717,57.2482039,57.59290089,57.41646731,58.85456705,59.12076021,59.10734923,57.34472067,57.7743687,57.5013604
0.5,0,15,50,m.xmy,70.10222501,70.11227362,70.12610733,70.11206029,70.12362919,70.13829704,70.17019683,70.18857881,70.20294237,71.28213465,71.37356333,71.39089642,70.12655878,70.13747503,70.15393369
0.5,0,15,50,c.xmy,193.5596766,194.0371538,193.8440834,193.577364,194.0479758,193.8453382,193.5677833,194.0464935,193.8643343,199.157358,199.4110811,199.389632,193.6623024,194.2424988,193.8878667
0.5,0,30,50,m.my,77.94009031,77.93494566,77.93003965,77.90585885,77.90356049,77.90212094,77.9655047,77.96144532,77.95795297,80.82238829,80.97175473,80.98045261,78.01158314,78.00977821,78.00683526
0.5,0,30,50,c.my,78.79792613,79.04006535,78.89472614,78.80062726,79.04629913,78.90819173,78.85455045,79.10321518,78.97140676,81.54989772,81.76252702,81.77575078,78.86481889,79.18790212,78.97175717
0.5,0,30,50,m.xmy,93.83645442,93.79909724,93.7844145,93.82107036,93.78776141,93.77473478,93.83920287,93.80496629,93.79040516,97.05923394,97.17882523,97.17392186,93.9188869,93.88527201,93.86735426
0.5,0,30,50,c.xmy,193.6369357,194.0953509,193.9165663,193.6584515,194.1082894,193.9210281,193.6402965,194.0993171,193.9354739,199.4095687,199.6641303,199.6430577,193.7462533,194.3088355,193.9639503
0.5,0,5,200,m.my,63.46905399,63.48179572,63.48703611,63.40897759,63.42003426,63.42403982,63.51949571,63.5328747,63.53907776,64.23805083,64.2753698,64.27923748,63.48219798,63.49226452,63.49768573
0.5,0,5,200,c.my,68.51871337,71.13622701,70.06501037,68.56545553,71.16064001,70.10664807,68.57728716,71.2116257,70.12300256,69.03751613,71.18959799,70.60994041,68.73240683,71.47743257,70.24973016
0.5,0,5,200,m.xmy,81.89087159,81.89917717,81.90419014,81.94726666,81.95638025,81.96249316,81.93821375,81.95006268,81.95588462,82.55779778,82.58906784,82.59227449,81.86989922,81.87251415,81.87762807
0.5,0,5,200,c.xmy,193.4404752,193.926359,193.7383121,193.4608975,193.9373001,193.7416065,193.4585176,193.9445328,193.7678754,198.7729241,199.0175083,198.9955874,193.5258277,194.115919,193.765506
0.5,0,15,200,m.my,109.9544395,109.9472173,109.9464771,110.1442721,110.1384026,110.1379753,109.9415583,109.9388225,109.9378916,113.7893771,113.8482679,113.850209,110.0547669,110.043918,110.0432291
0.5,0,15,200,c.my,112.7237108,113.330875,113.1082645,112.7451582,113.3387455,113.1093421,112.7102562,113.3226285,113.1064447,116.8923937,117.3926071,117.3680816,112.8978881,113.5443868,113.232105
0.5,0,15,200,m.xmy,139.1048079,139.099684,139.0999568,139.2832157,139.2775522,139.2776289,139.0981464,139.0953018,139.0963247,141.8789956,141.9245397,141.9263189,139.1883823,139.1835284,139.184395
0.5,0,15,200,c.xmy,192.8896295,193.3893488,193.1821647,192.9084368,193.4031712,193.1858141,192.9094408,193.4106522,193.2121072,198.2586259,198.5071906,198.4884162,193.0043687,193.6055668,193.2337677
0.5,0,30,200,m.my,155.9094843,155.9100338,155.9106962,156.1363357,156.1384375,156.1393213,155.895177,155.8976305,155.8985069,163.3790848,163.4833448,163.4861866,155.9399498,155.9313164,155.9306805
0.5,0,30,200,c.my,157.1538848,157.5270835,157.3562426,157.194128,157.5543162,157.3846688,157.1565157,157.5259764,157.3598925,164.7540368,164.971604,164.9747048,157.2853132,157.7454137,157.4425966
0.5,0,30,200,m.xmy,191.2864766,191.2819285,191.2814045,191.5465463,191.5472301,191.5481184,191.2821568,191.278873,191.2785966,197.0891335,197.1641376,197.1664937,191.3144163,191.3024765,191.3011175
0.5,0,30,200,c.xmy,193.6489514,194.145277,193.9220166,193.6641352,194.153704,193.9171831,193.6575982,194.1526505,193.9399697,199.0564171,199.3087341,199.2855762,193.7805627,194.3812424,193.9909118